{"cameraMode":{"drawMode":0,"name":"Shaded","section":"Shading Mode"},"sceneLighting":false,"audioPlay":false,"sceneViewState":{"showFog":true,"showMaterialUpdate":false,"showSkybox":true,"showFlares":true,"showImageEffects":true,"showParticleSystems":true},"in2DMode":false,"pivot":{"x":-0.06886112689971924,"y":0.9600000381469727,"z":0.0},"rotation":{"x":-0.11717918515205383,"y":0.8280851244926453,"z":-0.18849146366119386,"w":-0.514796257019043},"size":6.1686482429504398,"orthographic":false}