{"cameraMode":{"drawMode":0,"name":"Shaded","section":"Shading Mode"},"sceneLighting":false,"audioPlay":false,"sceneViewState":{"showFog":true,"showMaterialUpdate":false,"showSkybox":true,"showFlares":true,"showImageEffects":true,"showParticleSystems":true},"in2DMode":false,"pivot":{"x":0.5284782648086548,"y":0.9830000400543213,"z":-1.1920928955078126e-7},"rotation":{"x":-0.11717918515205383,"y":0.8280851244926453,"z":-0.18849146366119386,"w":-0.514796257019043},"size":4.131053447723389,"orthographic":false}