{"cameraMode":{"drawMode":0,"name":"Shaded","section":"Shading Mode"},"sceneLighting":false,"audioPlay":false,"sceneViewState":{"showFog":true,"showMaterialUpdate":false,"showSkybox":true,"showFlares":true,"showImageEffects":true,"showParticleSystems":true},"in2DMode":false,"pivot":{"x":-0.047021836042404178,"y":0.3479999899864197,"z":-0.0398259162902832},"rotation":{"x":-0.11717918515205383,"y":0.8280851244926453,"z":-0.18849146366119386,"w":-0.514796257019043},"size":3.003131151199341,"orthographic":false}