{"cameraMode":{"drawMode":0,"name":"Shaded","section":"Shading Mode"},"sceneLighting":false,"audioPlay":false,"sceneViewState":{"showFog":true,"showMaterialUpdate":false,"showSkybox":true,"showFlares":true,"showImageEffects":true,"showParticleSystems":true},"in2DMode":false,"pivot":{"x":-1.1409238576889039,"y":0.4968009889125824,"z":-0.02842387557029724},"rotation":{"x":-0.11717918515205383,"y":0.8280851244926453,"z":-0.18849146366119386,"w":-0.514796257019043},"size":8.610613822937012,"orthographic":false}